Price,Mileage,Model_Year,Model,Brand
15245,38069,3,New Listing,Ford
8995,37738,0,,Ford
11558,25072,2,S,Ford
12888,12508,3,,Ford
14998,39052,3,New Listing,Ford
9995,49696,0,Sedan,Ford
10692,34814,0,Sedan,Ford
13599,14127,2,New Listing,Ford
9990,58590,2,New Listing,Ford
10000,74563,0,SES,Ford
12986,674,4,Sedan,Ford
12991,14481,2,Sedan,Ford
9995,43644,0,Sedan,Ford
9999,18655,2,Sedan,Ford
11711,26156,2,Sedan,Ford
12599,26966,2,,Ford
12695,11659,3,Sedan,Ford
13388,11502,3,Sedan,Ford
13599,18924,2,Sedan,Ford
9995,60462,0,SEL,Ford
9995,53418,2,,Ford
10100,55809,1,,Ford
10100,45425,2,,Ford
11599,53206,0,,Ford
11995,38030,2,Sedan,Ford
10980,30226,2,New Listing,Ford
10987,19650,1,Sedan,Ford
10991,57806,1,SES,Ford
10995,69944,0,New Listing,Ford
10995,23696,0,,Ford
10999,15640,2,Sedan,Ford
11253,24955,0,,Ford
11425,51237,1,Sedan,Ford
11450,15358,2,,Ford
11497,14863,2,Sedan,Ford
11500,36479,0,,Ford
11710,7787,2,Sedan,Ford
11850,11958,1,,Ford
11888,23762,0,SEL,Ford
11893,3300,2,Sedan,Ford
11900,23998,1,Sedan,Ford
11971,12108,2,Sedan,Ford
11981,17715,2,Sedan,Ford
11988,6627,3,Sedan,Ford
11989,18449,2,Sedan,Ford
11990,37340,3,New Listing,Ford
11997,28862,3,Sedan,Ford
11999,37692,0,Sedan,Ford
12000,22561,0,SEL,Ford
12000,13465,2,,Ford
12000,19946,2,Sedan,Ford
12000,46418,1,New Listing,Ford
12259,7623,3,Sedan,Ford
12349,63974,0,SEL,Ford
12367,52201,2,New Listing,Ford
12500,28264,1,SES,Ford
12501,26919,0,SES,Ford
12507,53043,1,New Listing,Ford
12598,19593,2,Sedan,Ford
12689,17900,2,Sedan,Ford
12750,23902,0,,Ford
12812,13584,2,,Ford
12917,16968,2,Sedan,Ford
12931,28154,1,,Ford
12971,16804,2,Sedan,Ford
12975,33168,0,Sedan,Ford
12977,20369,0,SES,Ford
12980,1377,4,S,Ford
12980,12451,2,Sedan,Ford
12986,674,4,Sedan,Ford
12986,19139,3,New Listing,Ford
12989,18405,2,Sedan,Ford
12990,17560,1,Sedan,Ford
12991,14481,2,Sedan,Ford
12995,15068,2,Sedan,Ford
12995,49094,2,Sedan,Ford
13000,7619,3,S,Ford
13000,7619,2,,Ford
13000,39298,0,,Ford
13035,17191,2,Sedan,Ford
13126,12212,1,Sedan,Ford
13395,14716,1,SEL,Ford
13499,17101,2,Sedan,Ford
13500,34312,3,Sedan,Ford
13541,19029,2,,Ford
13592,14541,2,Sedan,Ford
13614,6478,3,,Ford
13785,6911,3,Sedan,Ford
13855,11475,2,Sedan,Ford
13977,11014,2,Sedan,Ford
13980,6618,3,,Ford
13990,20263,1,Sedan,Ford
13990,7133,2,,Ford
13991,40526,3,New Listing,Ford
13995,38790,3,Sedan,Ford
14081,7094,3,,Ford
14153,6135,3,Sedan,Ford
14423,7859,2,Sedan,Ford
14444,5090,2,,Ford
14800,6516,4,Sedan,Ford
14930,6401,3,S,Ford
14995,500,4,,Ford
14999,5165,3,,Ford
15000,8729,3,,Ford
15007,18782,2,Sedan,Ford
15483,1740,3,,Ford
15991,18002,4,New Listing,Ford
15998,9466,3,New Listing,Ford
15999,4999,3,,Ford
16000,2471,4,,Ford
16492,7222,3,Sedan,Ford
16674,24554,3,New Listing,Ford
16688,5482,3,,Ford
16888,4539,3,,Ford
16990,1395,3,,Ford
17666,1903,4,,Ford
18000,6490,4,New Listing,Ford
18497,19854,3,ST,Ford
19491,6436,3,ST,Ford
19500,7876,3,ST,Ford
21196,1442,4,ST,Ford
21756,7458,3,ST,Ford
22491,2456,3,ST,Ford
7998,42677,0,S,Ford
8800,59134,0,S,Ford
9686,49793,0,SES,Ford
9894,51607,0,Sedan,Ford
9971,37713,1,Sedan,Ford
9993,55185,0,SES,Ford
9999,18655,2,S,Ford
10333,41887,0,SES,Ford
10458,55600,0,Sedan,Ford
10498,31522,1,Sedan,Ford
10649,35219,1,,Ford
10777,32936,1,Sedan,Ford
10878,32696,1,Sedan,Ford
10900,30823,1,Sedan,Ford
10950,10305,2,Sedan,Ford
10977,38832,0,,Ford
10985,46810,0,Sedan,Ford
10985,48419,0,SES,Ford
10988,35181,1,SES,Ford
10988,45082,0,Sedan,Ford
10991,55585,0,Sedan,Ford
10991,32254,1,Sedan,Ford
10993,12194,2,Sedan,Ford
10994,14631,4,S,Ford
10995,33985,1,Sedan,Ford
11300,16747,2,Sedan,Ford
11381,17050,2,Sedan,Ford
11400,52099,0,SEL,Ford
11466,52958,0,SES,Ford
11480,20228,2,,Ford
11500,35806,1,,Ford
11593,39024,1,,Ford
11690,47244,0,SES,Ford
11711,26156,2,S,Ford
11787,45751,0,Sedan,Ford
11900,50918,0,New Listing,Ford
11949,6262,2,Sedan,Ford
11967,36926,0,SES,Ford
11989,24766,2,Sedan,Ford
11991,27395,2,,Ford
11994,14815,3,Sedan,Ford
11995,38809,0,Sedan,Ford
11998,20507,2,Sedan,Ford
11998,45321,0,,Ford
11999,26692,1,SEL,Ford
11999,10532,3,Sedan,Ford
11999,18872,2,Sedan,Ford
12000,35838,1,Sedan,Ford
12411,10815,3,,Ford
12488,12929,2,Sedan,Ford
12500,14467,2,Sedan,Ford
12557,24308,2,Sedan,Ford
14891,67503,8,EX-L,Honda CRV
14865,90337,9,EX-L,Honda CRV
20694,62328,13,EX-L,Honda CRV
19000,36305,13,LX,Honda CRV
25000,24232,14,EX-L,Honda CRV
25000,33029,13,EX-L,Honda CRV
26591,13173,15,EX-L,Honda CRV
13981,97029,8,EX-L,Honda CRV
13995,105509,8,EX,Honda CRV
18981,35274,13,LX,Honda CRV
19977,40572,13,EX,Honda CRV
24995,13839,15,EX-L,Honda CRV
12981,73529,8,LX,Honda CRV
15998,57629,9,EX,Honda CRV
22998,14823,14,EX,Honda CRV
24995,24950,14,EX-L,Honda CRV
28998,6848,15,EX-L,Honda CRV
12995,49166,6,EX,Honda CRV
16998,42892,12,LX,Honda CRV
17999,43716,11,EX-L,Honda CRV
19991,32959,12,,Honda CRV
20994,41977,13,EX-L,Honda CRV
22995,29046,13,EX-L,Honda CRV
22998,6272,15,LX,Honda CRV
24998,26446,13,EX-L,Honda CRV
23962,17302,14,EX,Honda CRV
23963,14805,14,EX,Honda CRV
24223,3616,15,EX,Honda CRV
24577,8195,13,EX-L,Honda CRV
24922,15389,14,EX-L,Honda CRV
24988,18251,14,EX-L,Honda CRV
24989,19952,13,EX-L,Honda CRV
24995,7162,15,LX,Honda CRV
24996,15393,13,EX-L,Honda CRV
24997,3738,15,EX,Honda CRV
25999,17559,14,EX-L,Honda CRV
26877,8209,15,EX-L,Honda CRV
26987,10094,13,EX-L,Honda CRV
26991,9438,15,EX-L,Honda CRV
27000,6768,15,EX-L,Honda CRV
27495,2486,15,EX-L,Honda CRV
28000,6717,15,EX-L,Honda CRV
29340,724,16,EX-L,Honda CRV
4249,142351,3,EX,Honda CRV
5999,179587,3,EX,Honda CRV
6499,146186,3,EX,Honda CRV
9988,117713,5,EX,Honda CRV
9990,128302,5,EX,Honda CRV
9991,102584,6,EX,Honda CRV
11911,119406,7,EX,Honda CRV
12950,93349,7,EX,Honda CRV
12997,86311,9,LX,Honda CRV
14349,62726,11,LX,Honda CRV
14386,94285,9,EX,Honda CRV
14500,101381,8,EX,Honda CRV
14990,99650,9,EX-L,Honda CRV
15362,70953,9,EX-L,Honda CRV
15488,74415,10,LX,Honda CRV
15495,80996,9,EX,Honda CRV
15665,54722,12,LX,Honda CRV
16995,56033,11,EX,Honda CRV
17500,56068,12,EX,Honda CRV
18000,48699,12,New Listing,Honda CRV
18400,35745,13,LX,Honda CRV
18444,43590,13,LX,Honda CRV
18761,42003,13,EX,Honda CRV
18998,34444,13,LX,Honda CRV
19490,46508,12,EX-L,Honda CRV
19500,37274,13,LX,Honda CRV
19878,36870,13,EX,Honda CRV
19990,67171,10,EX-L,Honda CRV
19991,44320,12,EX-L,Honda CRV
19995,49830,12,EX-L,Honda CRV
20590,37717,13,EX,Honda CRV
20737,38700,13,EX,Honda CRV
20899,30899,13,LX,Honda CRV
21395,34293,13,LX,Honda CRV
21499,32077,13,EX,Honda CRV
21697,30253,13,EX,Honda CRV
21900,28000,14,EX,Honda CRV
21988,14954,15,LX,Honda CRV
22588,32417,13,EX,Honda CRV
22588,28212,14,EX,Honda CRV
22603,35832,13,EX-L,Honda CRV
22885,25937,14,EX,Honda CRV
23294,37949,13,EX-L,Honda CRV
23455,41334,13,EX-L,Honda CRV
23900,37315,13,EX-L,Honda CRV
23967,44211,13,EX-L,Honda CRV
23981,25744,14,EX-L,Honda CRV
23995,40004,12,EX-L,Honda CRV
24262,27867,14,EX-L,Honda CRV
24430,26120,14,EX,Honda CRV
24800,22644,14,EX-L,Honda CRV
24885,10897,15,EX,Honda CRV
24995,42878,13,EX-L,Honda CRV
24995,24950,14,EX-L,Honda CRV
25432,33834,13,EX-L,Honda CRV
26495,34045,13,EX-L,Honda CRV
26800,11308,15,EX-L,Honda CRV
26999,28010,14,EX-L,Honda CRV
27990,14662,15,EX-L,Honda CRV
5295,128710,1,EX,Honda CRV
5988,184668,7,LX,Honda CRV
5991,120515,3,LX,Honda CRV
5992,100393,3,LX,Honda CRV
6995,99260,0,EX,Honda CRV
7488,117359,3,EX,Honda CRV
7981,89178,6,LX,Honda CRV
7987,111403,4,EX,Honda CRV
7993,87161,4,EX,Honda CRV
7997,105801,3,EX,Honda CRV
8909,99527,6,LX,Honda CRV
8940,76250,6,LX,Honda CRV
8992,95148,6,EX,Honda CRV
9991,150333,6,EX,Honda CRV
9997,148407,8,EX-L,Honda CRV
10300,75129,6,,Honda CRV
10771,80858,6,LX,Honda CRV
10780,95326,6,,Honda CRV
10850,85578,5,EX,Honda CRV
10999,160767,6,New Listing,Honda CRV
11000,79446,6,,Honda CRV
11599,88885,7,,Honda CRV
11950,144702,9,EX-L,Honda CRV
11990,119587,9,LX,Honda CRV
11991,66517,7,EX,Honda CRV
11995,75589,7,,Honda CRV
12403,85480,6,EX,Honda CRV
12749,94449,10,LX,Honda CRV
13393,64560,9,LX,Honda CRV
13469,108407,12,EX,Honda CRV
13512,48165,9,LX,Honda CRV
13999,52940,8,EX-L,Honda CRV
14125,75859,8,EX,Honda CRV
14200,75380,8,EX-L,Honda CRV
14313,69319,8,EX-L,Honda CRV
14500,89704,11,LX,Honda CRV
14762,61004,8,EX-L,Honda CRV
14771,49509,10,LX,Honda CRV
14799,37125,10,LX,Honda CRV
14888,92513,11,EX-L,Honda CRV
14891,67503,8,EX-L,Honda CRV
14897,64751,9,EX-L,Honda CRV
14982,75851,8,EX-L,Honda CRV
14991,68055,8,EX,Honda CRV
14991,52125,8,EX,Honda CRV
14991,45776,9,EX,Honda CRV
14995,82001,6,,Honda CRV
14999,106627,12,New Listing,Honda CRV
15000,53077,9,EX,Honda CRV
15000,56774,8,EX-L,Honda CRV
15311,60129,9,EX-L,Honda CRV
15374,63744,9,EX,Honda CRV
15379,71103,8,EX-L,Honda CRV
15440,61379,7,,Honda CRV
15500,62372,9,EX-L,Honda CRV
15500,54757,9,EX-L,Honda CRV
15786,58119,10,EX,Honda CRV
15994,50081,8,EX-L,Honda CRV
15995,68357,8,EX-L,Honda CRV
16065,83347,13,LX,Honda CRV
16288,57832,10,LX,Honda CRV
16289,56186,10,EX,Honda CRV
16492,46169,10,EX,Honda CRV
16498,47904,11,EX,Honda CRV
16500,45723,11,LX,Honda CRV
16500,79811,8,EX-L,Honda CRV
16636,36856,8,LX,Honda CRV
16777,37857,12,LX,Honda CRV
16900,64209,8,EX,Honda CRV
16950,98294,11,EX-L,Honda CRV
16986,35527,12,,Honda CRV
16991,39629,12,,Honda CRV
16995,28177,12,LX,Honda CRV
16999,29169,12,EX,Honda CRV
17000,16972,12,LX,Honda CRV
17000,33848,12,,Honda CRV
17498,36742,12,LX,Honda CRV
17499,6378,12,EX-L,Honda CRV
17500,36845,12,,Honda CRV
17500,64415,8,EX,Honda CRV
17791,24143,12,EX,Honda CRV
17873,31402,12,LX,Honda CRV
17941,55940,10,EX-L,Honda CRV
17986,23568,12,LX,Honda CRV
17998,38127,12,EX,Honda CRV
17999,43716,11,EX-L,Honda CRV
17999,36215,12,EX-L,Honda CRV
18000,25737,12,LX,Honda CRV
18000,90714,13,EX-L,Honda CRV
18005,47139,10,EX-L,Honda CRV
18193,34318,12,,Honda CRV
18255,37211,12,EX,Honda CRV
18312,16679,11,LX,Honda CRV
18495,38016,11,EX-L,Honda CRV
18727,51161,10,EX-L,Honda CRV
18985,37120,11,EX,Honda CRV
18988,17942,12,,Honda CRV
18988,80297,14,EX,Honda CRV
18988,29943,12,,Honda CRV
18989,59451,13,EX,Honda CRV
18990,46380,13,EX,Honda CRV
18991,11514,13,LX,Honda CRV
18991,24285,13,LX,Honda CRV
18992,15643,14,LX,Honda CRV
18993,32401,12,EX,Honda CRV
18995,21355,12,,Honda CRV
18999,29165,13,EX,Honda CRV
19000,64530,12,EX-L,Honda CRV
19000,39209,12,EX,Honda CRV
19248,28899,13,LX,Honda CRV
19390,26066,13,LX,Honda CRV
19485,42923,10,EX,Honda CRV
19500,28669,13,LX,Honda CRV
19589,24314,13,LX,Honda CRV
19884,35000,12,EX-L,Honda CRV
19900,33664,14,EX,Honda CRV
19900,29277,13,LX,Honda CRV
19977,18496,14,LX,Honda CRV
19985,16885,13,LX,Honda CRV
19986,28075,12,EX-L,Honda CRV
19990,20712,13,LX,Honda CRV
19991,14050,13,LX,Honda CRV
19991,32959,12,,Honda CRV
19991,14050,13,LX,Honda CRV
19991,44004,11,EX-L,Honda CRV
19995,39368,12,EX-L,Honda CRV
19997,29087,13,LX,Honda CRV
19999,22118,13,EX,Honda CRV
20000,36512,14,EX,Honda CRV
20000,18010,12,EX,Honda CRV
20000,25214,13,LX,Honda CRV
20000,19357,14,LX,Honda CRV
20000,31951,12,EX-L,Honda CRV
20000,14515,14,LX,Honda CRV
20195,29168,13,LX,Honda CRV
20267,21911,13,EX,Honda CRV
20275,15255,13,LX,Honda CRV
20350,35832,12,EX-L,Honda CRV
20412,18665,15,LX,Honda CRV
20478,26032,13,LX,Honda CRV
20492,26368,13,EX,Honda CRV
20500,39008,12,EX-L,Honda CRV
20500,25784,13,LX,Honda CRV
20500,37375,12,EX-L,Honda CRV
20500,35930,12,EX-L,Honda CRV
20507,14319,13,EX,Honda CRV
20707,45531,13,EX,Honda CRV
20762,18095,13,EX,Honda CRV
20790,7949,15,LX,Honda CRV
20791,23663,13,EX,Honda CRV
20874,29868,13,EX,Honda CRV
20887,27449,13,EX,Honda CRV
20888,25736,13,LX,Honda CRV
20900,28799,12,EX-L,Honda CRV
20911,18771,13,LX,Honda CRV
20929,24531,13,EX,Honda CRV
20945,28849,13,EX-L,Honda CRV
20955,20055,13,EX,Honda CRV
20960,45829,9,EX-L,Honda CRV
20961,18060,14,LX,Honda CRV
20977,46773,13,LX,Honda CRV
20979,28091,13,EX,Honda CRV
20980,14312,14,LX,Honda CRV
20981,29175,13,EX,Honda CRV
20985,18197,14,LX,Honda CRV
20988,30360,12,EX,Honda CRV
20991,21243,11,EX,Honda CRV
20991,15939,13,LX,Honda CRV
20994,22984,13,EX,Honda CRV
21000,60939,8,EX-L,Honda CRV
21000,28788,12,EX-L,Honda CRV
21000,38769,12,EX-L,Honda CRV
21000,16468,13,EX,Honda CRV
21000,26361,13,LX,Honda CRV
21024,14483,14,LX,Honda CRV
21055,18011,13,EX,Honda CRV
21191,26167,13,LX,Honda CRV
21217,35773,12,EX-L,Honda CRV
21278,34247,11,EX-L,Honda CRV
21467,24493,13,EX,Honda CRV
21469,17548,12,EX-L,Honda CRV
21490,15460,14,LX,Honda CRV
21494,24958,13,EX,Honda CRV
21495,25223,13,EX,Honda CRV
21499,13047,14,EX-L,Honda CRV
21500,16195,13,EX,Honda CRV
21500,10766,14,LX,Honda CRV
21500,14304,13,EX,Honda CRV
21500,26068,13,EX,Honda CRV
21524,28104,12,EX-L,Honda CRV
21550,25080,13,EX,Honda CRV
21559,23643,13,EX,Honda CRV
21559,26921,13,EX,Honda CRV
21577,22996,13,EX,Honda CRV
21595,21559,13,EX,Honda CRV
21615,21817,13,EX,Honda CRV
21635,18963,13,EX,Honda CRV
21635,46870,13,EX,Honda CRV
21688,33387,14,LX,Honda CRV
21788,51312,10,EX,Honda CRV
21800,27100,13,EX,Honda CRV
21800,28624,13,EX,Honda CRV
21844,18216,14,EX,Honda CRV
21885,29743,13,EX-L,Honda CRV
21893,16002,14,LX,Honda CRV
21950,26789,13,EX,Honda CRV
21960,12859,13,EX,Honda CRV
21961,21795,13,EX,Honda CRV
21988,9852,15,LX,Honda CRV
21988,18074,13,EX,Honda CRV
21988,4080,15,LX,Honda CRV
21988,26210,13,EX,Honda CRV
21989,25779,13,EX,Honda CRV
21991,15941,14,LX,Honda CRV
21991,29760,12,EX-L,Honda CRV
21991,26814,13,EX-L,Honda CRV
21991,19007,14,LX,Honda CRV
21994,20621,13,EX,Honda CRV
21995,27705,13,LX,Honda CRV
21995,47117,13,EX-L,Honda CRV
21995,17503,13,EX-L,Honda CRV
21996,5783,15,LX,Honda CRV
21997,27166,11,EX-L,Honda CRV
16998,28275,14,LE,Toyota Corolla
14989,36590,12,LE,Toyota Corolla
17895,17650,14,,Toyota Corolla
14978,43001,13,LE,Toyota Corolla
15499,31296,13,LE,Toyota Corolla
14988,58740,14,LE,Toyota Corolla
15365,52784,14,LE,Toyota Corolla
15562,53939,14,L,Toyota Corolla
15753,24376,14,LE,Toyota Corolla
16499,51534,14,LE,Toyota Corolla
17970,33000,15,LE,Toyota Corolla
18495,19848,15,LE,Toyota Corolla
19437,20946,15,S,Toyota Corolla
19988,37913,15,LE,Toyota Corolla
14485,39752,14,LE,Toyota Corolla
14997,35675,14,LE,Toyota Corolla
15356,39383,14,LE,Toyota Corolla
16395,34474,14,LE,Toyota Corolla
16681,26854,14,,Toyota Corolla
14988,47758,11,,Toyota Corolla
15998,29584,13,,Toyota Corolla
17539,8710,15,,Toyota Corolla
17988,33306,15,LE,Toyota Corolla
13998,63931,11,,Toyota Corolla
14588,33116,13,S,Toyota Corolla
15795,17713,14,L,Toyota Corolla
15914,16741,14,LE,Toyota Corolla
15977,3915,16,LE,Toyota Corolla
15991,2624,16,LE,Toyota Corolla
16000,8808,15,S,Toyota Corolla
16343,19152,14,LE,Toyota Corolla
16400,5560,13,S,Toyota Corolla
16500,25713,12,S,Toyota Corolla
16789,19940,14,S,Toyota Corolla
16798,18393,14,LE,Toyota Corolla
16900,26123,13,S,Toyota Corolla
16989,4932,14,S,Toyota Corolla
16995,9624,14,LE,Toyota Corolla
16995,14828,14,L,Toyota Corolla
18640,8300,15,LE,Toyota Corolla
18995,10801,14,LE,Toyota Corolla
19500,1373,16,New Listing,Toyota Corolla
19988,4879,16,New Listing,Toyota Corolla
20145,3009,16,New Listing,Toyota Corolla
4995,170663,4,CE,Toyota Corolla
5850,137244,4,CE,Toyota Corolla
6921,122247,7,LE,Toyota Corolla
8000,122318,7,New Listing,Toyota Corolla
9589,90138,8,LE,Toyota Corolla
9988,117864,6,New Listing,Toyota Corolla
10899,63940,11,LE,Toyota Corolla
11500,64496,11,S,Toyota Corolla
11981,60782,11,LE,Toyota Corolla
11981,77035,10,XLE,Toyota Corolla
12541,54749,12,LE,Toyota Corolla
12988,57751,12,L,Toyota Corolla
13435,51183,12,S,Toyota Corolla
13450,68556,11,New Listing,Toyota Corolla
13500,41826,13,LE,Toyota Corolla
13500,38881,13,LE,Toyota Corolla
13521,35747,13,LE,Toyota Corolla
13777,32838,13,S,Toyota Corolla
13777,36292,13,LE,Toyota Corolla
13810,39091,13,L,Toyota Corolla
13928,27820,14,LE,Toyota Corolla
14425,37795,13,LE,Toyota Corolla
14441,23903,14,LE,Toyota Corolla
14708,43235,13,LE,Toyota Corolla
14788,26307,14,S,Toyota Corolla
14885,20927,14,LE,Toyota Corolla
15400,34028,13,S,Toyota Corolla
15697,32952,13,LE,Toyota Corolla
15765,21000,14,S,Toyota Corolla
15799,22390,14,LE,Toyota Corolla
15980,13376,15,New Listing,Toyota Corolla
15988,34817,13,S,Toyota Corolla
15990,29574,14,LE,Toyota Corolla
16619,25025,14,New Listing,Toyota Corolla
16988,23778,14,S,Toyota Corolla
16997,14412,15,New Listing,Toyota Corolla
16998,28275,14,LE,Toyota Corolla
17275,13825,15,LE,Toyota Corolla
17290,22536,14,LE,Toyota Corolla
17481,26443,14,S,Toyota Corolla
17788,28337,14,S,Toyota Corolla
17991,11367,15,New Listing,Toyota Corolla
17998,12966,15,New Listing,Toyota Corolla
3749,122906,2,New Listing,Toyota Corolla
5500,87358,3,CE,Toyota Corolla
5891,90336,6,CE,Toyota Corolla
5999,109728,4,LE,Toyota Corolla
6800,98861,4,LE,Toyota Corolla
6898,93514,4,LE,Toyota Corolla
6948,81438,4,CE,Toyota Corolla
6988,152840,8,S,Toyota Corolla
6991,79885,3,LE,Toyota Corolla
6994,84116,6,LE,Toyota Corolla
7000,33458,2,LE,Toyota Corolla
7411,104716,4,CE,Toyota Corolla
7446,89076,6,CE,Toyota Corolla
7450,115467,4,S,Toyota Corolla
7475,93932,6,LE,Toyota Corolla
7491,92428,6,,Toyota Corolla
7493,67689,4,,Toyota Corolla
7574,42023,4,LE,Toyota Corolla
7600,83153,5,LE,Toyota Corolla
7951,66531,5,CE,Toyota Corolla
7993,79683,6,LE,Toyota Corolla
7995,83797,6,LE,Toyota Corolla
7995,59481,9,,Toyota Corolla
7995,77810,7,LE,Toyota Corolla
8492,77051,6,LE,Toyota Corolla
8495,75976,8,LE,Toyota Corolla
8500,73230,7,CE,Toyota Corolla
8600,79797,7,LE,Toyota Corolla
8675,98526,6,LE,Toyota Corolla
8777,46777,5,LE,Toyota Corolla
8838,69803,6,LE,Toyota Corolla
8849,65497,6,CE,Toyota Corolla
8854,73126,7,CE,Toyota Corolla
8857,77061,6,LE,Toyota Corolla
8900,68710,4,LE,Toyota Corolla
8975,53188,6,CE,Toyota Corolla
8992,98519,6,LE,Toyota Corolla
8999,97375,6,,Toyota Corolla
9000,63897,3,S,Toyota Corolla
9000,82635,6,CE,Toyota Corolla
9288,142090,10,LE,Toyota Corolla
9499,70333,8,,Toyota Corolla
9500,112476,11,S,Toyota Corolla
9500,78018,11,LE,Toyota Corolla
9550,96730,10,LE,Toyota Corolla
9944,39607,5,,Toyota Corolla
9950,63955,8,S,Toyota Corolla
9985,96003,10,LE,Toyota Corolla
9991,85178,11,LE,Toyota Corolla
9994,47081,9,LE,Toyota Corolla
10000,59469,8,LE,Toyota Corolla
10183,46121,8,,Toyota Corolla
10491,94615,10,LE,Toyota Corolla
10494,50109,7,LE,Toyota Corolla
10595,115638,10,LE,Toyota Corolla
10700,57998,10,,Toyota Corolla
10800,65980,8,,Toyota Corolla
10988,37849,11,LE,Toyota Corolla
10991,76410,11,LE,Toyota Corolla
10995,39235,10,LE,Toyota Corolla
10995,32574,7,LE,Toyota Corolla
10995,39805,8,S,Toyota Corolla
10995,48330,11,S,Toyota Corolla
10999,75061,4,CE,Toyota Corolla
11292,46574,11,XLE,Toyota Corolla
11500,49082,10,S,Toyota Corolla
11500,54753,10,S,Toyota Corolla
11591,46040,11,,Toyota Corolla
11675,52658,14,LE,Toyota Corolla
11692,55352,10,LE,Toyota Corolla
11699,52534,10,LE,Toyota Corolla
11799,37327,12,LE,Toyota Corolla
11799,53904,13,L,Toyota Corolla
11845,45541,11,LE,Toyota Corolla
11900,44577,10,LE,Toyota Corolla
11900,36617,11,,Toyota Corolla
11934,45943,10,XLE,Toyota Corolla
11977,48425,14,LE,Toyota Corolla
11988,34744,11,LE,Toyota Corolla
11988,82273,13,LE,Toyota Corolla
11995,55367,10,LE,Toyota Corolla
11995,47644,8,S,Toyota Corolla
11995,35528,12,S,Toyota Corolla
11999,58382,8,LE,Toyota Corolla
11999,29010,13,LE,Toyota Corolla
12000,28534,11,LE,Toyota Corolla
12000,47420,11,,Toyota Corolla
12112,55087,13,LE,Toyota Corolla
12242,50634,14,LE,Toyota Corolla
12425,73534,12,LE,Toyota Corolla
12477,49759,14,LE,Toyota Corolla
12490,44798,11,S,Toyota Corolla
12498,47965,11,,Toyota Corolla
12523,36000,12,LE,Toyota Corolla
12595,82972,11,S,Toyota Corolla
12699,55631,14,LE,Toyota Corolla
12757,36084,11,S,Toyota Corolla
12787,36663,12,L,Toyota Corolla
12790,40790,11,,Toyota Corolla
12797,27414,11,LE,Toyota Corolla
12808,56952,14,LE,Toyota Corolla
12855,34606,11,LE,Toyota Corolla
12882,42242,11,LE,Toyota Corolla
12888,39235,11,LE,Toyota Corolla
12903,47343,11,S,Toyota Corolla
12944,43426,11,LE,Toyota Corolla
12977,37732,14,LE,Toyota Corolla
12985,37522,14,LE,Toyota Corolla
12987,23178,13,LE,Toyota Corolla
12990,55371,14,LE,Toyota Corolla
12991,32075,12,LE,Toyota Corolla
12995,38948,10,LE,Toyota Corolla
12995,43472,10,,Toyota Corolla
12995,32425,12,LE,Toyota Corolla
12997,49224,11,S,Toyota Corolla
12997,25187,12,,Toyota Corolla
12998,53139,14,LE,Toyota Corolla
12999,18077,14,LE,Toyota Corolla
12999,16054,14,L,Toyota Corolla
13000,14577,12,LE,Toyota Corolla
13000,21311,11,LE,Toyota Corolla
13000,11655,14,,Toyota Corolla
13200,16978,11,,Toyota Corolla
13231,55215,14,LE,Toyota Corolla
13281,53313,13,LE,Toyota Corolla
13297,25125,13,,Toyota Corolla
13400,35487,12,LE,Toyota Corolla
13430,43937,11,XLE,Toyota Corolla
13477,48868,14,S,Toyota Corolla
13500,36541,12,L,Toyota Corolla
13500,28097,13,L,Toyota Corolla
13500,26050,13,LE,Toyota Corolla
13500,35212,11,S,Toyota Corolla
13520,37005,12,LE,Toyota Corolla
13520,32974,12,LE,Toyota Corolla
13595,20688,13,LE,Toyota Corolla
13695,41260,14,S,Toyota Corolla
13733,30807,12,,Toyota Corolla
13742,49825,11,LE,Toyota Corolla
13800,28831,12,LE,Toyota Corolla
13818,49265,10,LE,Toyota Corolla
13852,35539,12,LE,Toyota Corolla
13885,21766,12,S,Toyota Corolla
13888,29123,13,LE,Toyota Corolla
13900,28149,10,LE,Toyota Corolla
13900,24950,12,LE,Toyota Corolla
13955,19735,14,LE,Toyota Corolla
13973,34897,12,LE,Toyota Corolla
13974,22724,13,LE,Toyota Corolla
13977,37731,14,New Listing,Toyota Corolla
13977,37168,12,LE,Toyota Corolla
13977,25628,13,LE,Toyota Corolla
13988,26370,13,S,Toyota Corolla
13988,29844,12,S,Toyota Corolla
13988,31146,12,LE,Toyota Corolla
13988,22063,12,LE,Toyota Corolla
13988,29360,12,LE,Toyota Corolla
13988,32619,12,LE,Toyota Corolla
13988,26051,12,S,Toyota Corolla
13989,51249,14,New Listing,Toyota Corolla
13989,54356,10,XRS,Toyota Corolla
13989,18785,14,LE,Toyota Corolla
13990,55510,14,New Listing,Toyota Corolla
13990,59801,13,LE,Toyota Corolla
13990,20602,13,,Toyota Corolla
13990,11432,12,LE,Toyota Corolla
13991,6471,11,LE,Toyota Corolla
13992,26262,13,LE,Toyota Corolla
13992,44500,11,S,Toyota Corolla
13995,27720,12,LE,Toyota Corolla
13995,28086,13,LE,Toyota Corolla
13999,26278,13,LE,Toyota Corolla
14000,38696,12,LE,Toyota Corolla
14000,24606,13,LE,Toyota Corolla
14000,33600,12,S,Toyota Corolla
14192,25652,13,S,Toyota Corolla
14215,15352,14,L,Toyota Corolla
14222,31187,12,LE,Toyota Corolla
14290,46959,14,S,Toyota Corolla
14292,22073,13,LE,Toyota Corolla
14293,20127,13,S,Toyota Corolla
14300,24490,13,LE,Toyota Corolla
14367,8187,13,LE,Toyota Corolla
14376,30296,12,LE,Toyota Corolla
14388,39015,12,LE,Toyota Corolla
14395,28610,12,LE,Toyota Corolla
14446,25153,13,LE,Toyota Corolla
14486,22260,13,,Toyota Corolla
14488,41979,14,LE,Toyota Corolla
14491,22638,13,LE,Toyota Corolla
14495,16022,14,L,Toyota Corolla
14499,21788,13,S,Toyota Corolla
14500,24702,13,LE,Toyota Corolla
14500,17218,14,L,Toyota Corolla
14568,29618,12,S,Toyota Corolla
14592,37764,12,S,Toyota Corolla
14599,28180,13,LE,Toyota Corolla
14606,19300,14,LE,Toyota Corolla
14622,28058,13,S,Toyota Corolla
14644,27332,15,LE,Toyota Corolla
14700,27613,13,L,Toyota Corolla
14749,26710,13,S,Toyota Corolla
14758,56835,14,S,Toyota Corolla
14764,5415,13,L,Toyota Corolla
14791,21175,13,LE,Toyota Corolla
14795,37979,14,S,Toyota Corolla
14800,34063,14,LE,Toyota Corolla
14800,18336,13,LE,Toyota Corolla
14800,22482,13,S,Toyota Corolla
14800,37328,14,LE,Toyota Corolla
14800,17286,14,LE,Toyota Corolla
14800,32654,14,LE,Toyota Corolla
14868,43910,11,,Toyota Corolla
14868,43910,11,,Toyota Corolla
14887,61153,13,LE,Toyota Corolla
14888,5998,14,LE,Toyota Corolla
14888,17735,14,LE,Toyota Corolla
14892,29607,13,S,Toyota Corolla
14899,23707,13,LE,Toyota Corolla
14900,18369,14,LE,Toyota Corolla
14900,18327,12,LE,Toyota Corolla
14933,16675,14,,Toyota Corolla
14938,18148,13,LE,Toyota Corolla
14938,33225,15,L,Toyota Corolla
14963,18727,14,L,Toyota Corolla
14977,39809,14,S,Toyota Corolla
14980,37536,15,LE,Toyota Corolla
14980,19349,14,LE,Toyota Corolla
14984,29220,15,LE,Toyota Corolla
14986,10453,12,LE,Toyota Corolla
14987,12000,14,LE,Toyota Corolla
14987,28889,12,S,Toyota Corolla
14987,19872,14,LE,Toyota Corolla
14987,16593,13,S,Toyota Corolla
14988,21772,13,LE,Toyota Corolla
14988,17811,11,,Toyota Corolla
14988,27485,13,LE,Toyota Corolla
14989,36590,12,LE,Toyota Corolla
14991,25023,13,LE,Toyota Corolla
14992,21469,13,LE,Toyota Corolla
14992,6310,15,L,Toyota Corolla
14994,14995,14,L,Toyota Corolla
14995,4407,14,LE,Toyota Corolla
14995,28166,13,LE,Toyota Corolla
14995,29509,13,LE,Toyota Corolla
14995,17211,13,LE,Toyota Corolla
14997,21669,13,LE,Toyota Corolla
14998,9465,14,L,Toyota Corolla
14998,19782,13,LE,Toyota Corolla
15000,23760,13,,Toyota Corolla
15000,33514,12,S,Toyota Corolla
15000,20716,12,S,Toyota Corolla
15000,20485,13,L,Toyota Corolla
15000,9472,14,,Toyota Corolla
15007,59880,13,LE,Toyota Corolla
15211,19950,12,L,Toyota Corolla
15263,18453,14,LE,Toyota Corolla
15271,16429,12,LE,Toyota Corolla
15331,19388,12,LE,Toyota Corolla
15373,12731,14,LE,Toyota Corolla
15400,22440,13,S,Toyota Corolla
15425,16803,14,S,Toyota Corolla
15461,15430,14,LE,Toyota Corolla
15485,18999,14,LE,Toyota Corolla
15488,10709,13,,Toyota Corolla
15491,25847,12,LE,Toyota Corolla
15492,37488,12,S,Toyota Corolla
15495,17234,14,,Toyota Corolla
15500,21640,13,LE,Toyota Corolla
15500,9114,15,L,Toyota Corolla
15500,6119,15,CE,Toyota Corolla
15524,9803,15,LE,Toyota Corolla
15554,8138,13,LE,Toyota Corolla
15582,9681,14,LE,Toyota Corolla
15588,19940,14,S,Toyota Corolla
15596,19341,14,LE,Toyota Corolla
15655,14361,14,S,Toyota Corolla
15656,14771,14,,Toyota Corolla
15700,14155,14,S,Toyota Corolla
15700,15372,14,LE,Toyota Corolla
15740,48158,13,LE,Toyota Corolla
15784,22564,13,S,Toyota Corolla
15786,12000,14,,Toyota Corolla
15798,17410,13,S,Toyota Corolla
15800,9574,15,LE,Toyota Corolla
15857,10131,14,L,Toyota Corolla
15860,9213,14,LE,Toyota Corolla
15861,33403,14,LE,Toyota Corolla
15865,29207,13,S,Toyota Corolla
15876,16001,14,LE,Toyota Corolla
15883,12107,14,,Toyota Corolla
15888,5620,13,LE,Toyota Corolla
15895,12678,14,LE,Toyota Corolla
15899,1366,14,LE,Toyota Corolla
15899,14032,13,S,Toyota Corolla
15900,17964,14,LE,Toyota Corolla
15900,7173,14,LE,Toyota Corolla
15900,26344,12,S,Toyota Corolla
15900,37750,15,LE,Toyota Corolla
15900,21206,12,L,Toyota Corolla
15914,22875,15,S,Toyota Corolla
15915,19265,14,LE,Toyota Corolla
15942,13593,13,LE,Toyota Corolla
15980,31577,15,LE,Toyota Corolla
15980,16753,15,New Listing,Toyota Corolla
15980,17883,14,New Listing,Toyota Corolla
15981,43301,14,S,Toyota Corolla
15981,18452,14,S,Toyota Corolla
15987,13631,14,,Toyota Corolla
15988,27932,13,S,Toyota Corolla
15988,23461,13,LE,Toyota Corolla
15988,7633,13,LE,Toyota Corolla
15988,19343,14,,Toyota Corolla
15988,7077,15,L,Toyota Corolla
15989,4472,15,L,Toyota Corolla
15990,20722,13,S,Toyota Corolla
15990,18413,12,,Toyota Corolla
15990,6720,14,L,Toyota Corolla
15991,5699,16,L,Toyota Corolla
15991,39846,14,S,Toyota Corolla
15991,21083,13,S,Toyota Corolla
15991,2914,15,LE,Toyota Corolla
15992,18721,14,S,Toyota Corolla
15993,5523,15,,Toyota Corolla
15995,11978,13,LE,Toyota Corolla
15995,57086,14,LE,Toyota Corolla
15995,86074,11,S,Toyota Corolla
15995,35871,12,S,Toyota Corolla
15995,21517,13,LE,Toyota Corolla
15997,16466,14,S,Toyota Corolla
15999,38770,12,LE,Toyota Corolla
15999,17648,14,,Toyota Corolla
15999,15672,14,L,Toyota Corolla
15999,11798,14,S,Toyota Corolla
15999,2138,15,LE,Toyota Corolla
16000,15716,14,LE,Toyota Corolla
16252,19450,14,S,Toyota Corolla
16290,19453,14,LE,Toyota Corolla
16333,19529,14,S,Toyota Corolla
16381,30995,15,New Listing,Toyota Corolla
16385,7598,15,LE,Toyota Corolla
16426,25609,13,S,Toyota Corolla
16441,22888,15,L,Toyota Corolla
16448,13672,14,LE,Toyota Corolla
16472,5784,15,L,Toyota Corolla
16481,15512,14,LE,Toyota Corolla
16488,25037,13,LE,Toyota Corolla
16495,24102,15,LE,Toyota Corolla
16499,6415,15,LE,Toyota Corolla
16500,15770,14,LE,Toyota Corolla
16500,9344,15,LE,Toyota Corolla
16544,14667,14,S,Toyota Corolla
16604,19743,14,S,Toyota Corolla
16689,6361,14,L,Toyota Corolla
16690,9564,14,LE,Toyota Corolla
16756,17112,14,S,Toyota Corolla
16759,6607,16,LE,Toyota Corolla
16780,14215,14,LE,Toyota Corolla
16792,10191,14,LE,Toyota Corolla
16799,4863,16,LE,Toyota Corolla
16856,8614,15,L,Toyota Corolla
16865,7755,15,L,Toyota Corolla
16870,5121,14,S,Toyota Corolla
16887,210,16,LE,Toyota Corolla
16900,18266,15,LE,Toyota Corolla
16944,15588,14,,Toyota Corolla
16948,16220,14,,Toyota Corolla
16960,19223,14,S,Toyota Corolla
16975,3088,15,LE,Toyota Corolla
16980,651,16,S,Toyota Corolla
16987,5779,15,,Toyota Corolla
16988,24965,13,LE,Toyota Corolla
16989,3668,16,L,Toyota Corolla
16990,16663,14,S,Toyota Corolla
16990,27079,13,S,Toyota Corolla
16991,28846,13,S,Toyota Corolla
16991,4737,15,LE,Toyota Corolla
16991,6023,16,LE,Toyota Corolla
16991,4046,15,LE,Toyota Corolla
16991,27195,13,LE,Toyota Corolla
16995,3522,15,LE,Toyota Corolla
16995,12563,14,LE,Toyota Corolla
16995,17671,14,LE,Toyota Corolla
16995,35930,14,LE,Toyota Corolla
16995,16575,14,LE,Toyota Corolla
16995,9415,15,L,Toyota Corolla
16999,11421,13,LE,Toyota Corolla
17000,378,16,L,Toyota Corolla
17250,20976,13,S,Toyota Corolla
17309,5984,15,LE,Toyota Corolla
17374,7200,16,,Toyota Corolla
17387,1553,15,LE,Toyota Corolla
17398,11056,14,S,Toyota Corolla
17463,501,15,LE,Toyota Corolla
17495,9121,15,,Toyota Corolla
17495,6280,15,,Toyota Corolla
17499,15269,14,LE,Toyota Corolla
17500,8764,14,LE,Toyota Corolla
17552,17818,14,LE,Toyota Corolla
17588,31457,15,LE,Toyota Corolla
17687,8633,15,,Toyota Corolla
17715,2587,14,LE,Toyota Corolla
17777,1387,15,LE,Toyota Corolla
17799,5151,16,LE,Toyota Corolla
17854,19706,15,S,Toyota Corolla
17865,857,16,LE,Toyota Corolla
17888,11560,14,LE,Toyota Corolla
17895,17650,14,,Toyota Corolla
17900,20337,15,LE,Toyota Corolla
17900,18796,15,LE,Toyota Corolla
17950,10158,14,S,Toyota Corolla
17975,93,15,LE,Toyota Corolla
17983,4060,16,LE,Toyota Corolla